"Sample_ID","Sr8786break","SrVbreak"
"EE19_5009",560,600
"EE19_5017",600,600
"EE19_5026",720,720
"EE19_5028",560,0
"EE19_5030",600,0
"EE19_5034",600,600
"EE19_5035",560,560
"EE19_5037",560,440
"EE19_5038",520,520
"EE19_5041",520,440
"EE19_5042",640,640
"EE19_5043",560,560
"EE19_5045",520,520
"EE19_5046",520,480
"EE19_5047",600,600
"EE19_5059",520,560
"EE19_5060",560,560
"EE19_5061",640,640
"EE19_5065",560,560
"EE19_5067",680,680
"EE19_5070",560,560
"EE19_5074",640,640
"EE19_5075",520,360
"EE19_5081",520,480
"EE19_5086",560,600
"EE19_5088",600,600
"EE19_5089",600,600
"EE19_5092",640,640
"EE19_5106",440,0
"EE19_5108",560,440
"EE19_5120",560,520
"EE19_5121",560,560
"EE19_5124",680,680
"EE19_5133",560,560
"EE19_5139",600,600
"EE19_5140",560,480
"EE19_5146",520,400
"EE19_5152",640,640
"EE19_5154",480,400
"EE19_5157",560,520
"EE19_5159",560,560
"EE19_5162",600,560
"EE19_5164",520,520
"EE19_5168",520,480
"EE19_5174",520,520
"EE19_5179",480,560
"EE19_5197",560,360
"EE19_5202",520,520
"EE19_5226",560,560
"EE19_5237",600,560
"EE19_5269",680,320
"EE19_5289",520,520
"EE19_5295",640,640
"EE19_5315",520,600
"EE19_5317",560,560
"EE19_5322",520,520
"EE19_5323",520,520
"EE19_5327",640,600
"EE19_5334",440,440
"EE19_5336",600,560
"EE19_5342",560,560
"EE19_5352",560,440
"EE19_5395",560,560
"EE19_5397",560,480
"EE19_5403",560,520
"EE19_5405",600,480
"EE19_5412",560,560
"EE19_5418",600,560
"EE19_5430",600,560
"EE19_5434",320,440
"EE19_5450",520,520
"EE19_5477",640,760
"EE19_5483",560,600
"EE19_5495",680,640
"EE19_5502",560,600
"EE19_5505",600,560
"EE19_5512",560,560
"EE19_5528",680,720
"EE19_5546",600,600
"EE19_5567",600,640
"EE19_5592",520,560
"EE19_5637",600,560
"EE19_5668",640,480
"EE19_5674",560,560
"EE19_5682",560,560
"EE19_5685",600,640
"EE19_5693",520,520
"EE19_5701",560,560
"EE19_5706",560,600
"EE19_5707",480,520
"EE19_5716",480,480
"EE19_5739",560,560
"EE19_5743",600,600
"EE19_5756",520,0
"EE19_5757",400,600
"EE19_5767",640,640
"EE19_5771",520,520
"EE19_5785",360,560
"EE19_5798",560,560
"EE19_5801",520,520
"EE19_5805",480,480
"EE19_5809",560,560
"EE19_5816",600,640
"EE19_5837",600,600
"EE19_5853",560,560
"EE19_5884",360,560
"EE19_5889",680,400
"EE19_5893",560,480
"EE19_5912",560,560
"EE19_5987",320,320
"EE19_6000",480,440
"EE19_6037",600,440
"EE19_6051",480,520
"EE19_6062",520,520
"EE19_7016",640,640
"EE19_7020",560,560
"EE19_7027",720,720
"EE19_7028",400,400
"EE19_7036",600,600
"EE19_7041",560,560
"EE19_7042",640,640
"EE19_7044",480,480
"EE19_7062",600,600
"EE19_7071",600,560
"EE19_7073",680,640
"EE19_7080",640,480
"EE19_7081",640,600
"EE19_7082",680,520
"EE19_7085",600,560
"EE19_7087",560,560
"EE19_7096",560,520
"EE19_7097",720,720
"EE19_7105",640,640
"EE19_7118",560,520
"EE19_7121",520,520
"EE19_7126",480,520
"EE19_7131",520,560
"EE19_7139",720,720
"EE19_7144",480,480
"EE19_7146",520,400
"EE19_7148",560,600
"EE19_7149",600,640
"EE19_7154",600,600
"EE19_7163",520,480
"EE19_7167",560,480
"EE19_7172",560,360
"EE19_7186",320,600
"EE19_7279",720,680
"EE19_7294",600,600
"EE19_7302",640,640
"EE19_7323",560,520
"EE19_7328",480,400
"EE19_7335",600,600
"EE19_7337",560,560
"EE19_7345",560,560
"EE19_7348",600,600
"EE19_7351",520,520
"EE19_7384",480,440
"EE19_7402",560,520
"EE19_7410",560,600
"EE19_7428",480,480
"EE19_7555",560,560
"EE19_7572",520,520
"EE19_7601",680,440
"EE19_7658",640,640
"EE19_7683",600,600
"EE19_7704",520,520
"EE19_7739",440,440
"EE19_7850",560,480
"EE19_7851",640,640
"EE19_7864",560,560
"EE19_7876",600,600
"EE19_7922",600,560
"EE19_7929",560,560
"EE19_7948",600,600
"EE19_7955",560,520
"EE19_7972",480,440
"EE19_7981",520,480
"EE19_7991",680,680
"EE19_7993",480,480
"EE19_80113",440,400
"EE19_80115",560,480
"EE19_80117",640,640
"EE19_80127",720,760
"EE19_80128",520,480
"EE19_8013",320,520
"EE19_80146",680,680
"EE19_80148",600,600
"EE19_80149",640,640
"EE19_80161",520,480
"EE19_80178",600,480
"EE19_80228",640,640
"EE19_80229",520,520
"EE19_8027",560,520
"EE19_80339",520,520
"EE19_80362",640,600
"EE19_8042",640,640
"EE19_80496",600,600
"EE19_8051",720,720
"EE19_80535",560,400
"EE19_8059",320,560
"EE19_8060",560,560
"EE19_8082",560,480
"EE19_8084",520,520
"EE19_9008",520,520
"EE19_9076",520,520
"EE19_9085",640,600
"EE19_9086",640,640
"EE19_9103",600,600
"EE19_9116",640,640
"EE19_9122",360,600
"EE19_9131",400,360
"EE19_9148",600,560
"EE19_9198",560,560
"WR07-01",679.007,679.007
"WR07-02",510.793,690.793
"WR07-03",450,480
"WR07-04",654.677,872.051
"WR07-05",554.88,554.88
"WR07-06",660,600
"WR07-07",308.041,607.629
"WR07-08",480,480
"WR07-09",660,660
"WR07-10",617.097,680.328
"WR07-11",539.326,556.016
"WR07-12",629.27,629.27
"WR07-13",644.486,601.204
"WR07-14",583.959,583.959
"WR07-15",408.129,530.534
"WR07-16",521.684,521.684
"WR07-17",494.354,21.303
"WR07-18",544.059,544.059
"WR07-19",686.076,686.076
"WR07-20",540,540
"WR07-21",332.725,537.869
"WR07-23",498.749,498.749
"WR07-24",595.794,595.794
"WR07-25",474.742,588.355
"WR07-26",575.049,490.296
"WR07-27",656.32,656.32
"WR07-28",566.715,566.715
"WR07-29",640.146,666.126
"WR07-30",540,540
"WR08-01",330,558
"WR08-03",588,588
"WR08-04",661,661
"WR08-05",612,22
"WR08-06",467,648
"WR08-07",392,508
"WR08-08",588,644
"WR08-09",467,561
"WR08-10",547,491
"WR08-11",18,589
"WR08-12",627,567
"WR08-13",292,456
"WR08-14",634,634
"WR08-15",437,546
"WR08-16",527,475
"WR08-17",487,542
"WR08-18",462,621
"WR08-19",549,549
"WR08-20",567,454
"WR08-21",648,648
"WR08-22",426,426
"WR08-23",591,591
"WR08-24",536,536
"WR08-25",543,602
"WR08-26",561,561
"WR08-27",492,492
"WR08-28",551,521
"WR08-29",583,439
"WR08-30",656,644
"WR08-31",667,667
"WR08-32",487,487
"WR08-33",611,611
"WR08-34",643,643
"WR08-35",606,606
"WR08-36",618,455
"WR08-37",606,606
"WR08-39",538,538
"WR08-40",555,614
"WR08-42",302,584
"WR08-43",331,575
"WR08-44",512,512
"WR08-45",510,510
"WR08-46",512,565
"WR08-47",307,533
"WR08-48",637,637
"WR08-49",623,623
"WR08-51",534,534
"WR08-52",448,573
"WR08-53",498.5,498.5
"WR08-54",561,60
"WR08-55",624,624
"WR08-57",519,576
"WR08-58",685,685
"WR08-60",550,550
"WR08-62",630,630
"WR08-63",19,498
"WR08-64",520,520
"WR08-65",480,584
"WR08-66",534,534
"WR08-67",553,488
"WR08-68",613,561
"WR08-69",334,607
"WR08-70",355,527
"WR08-71",420,581
"WR08-72",604,604
"WR08-73",384,548
"WR08-74",557,387
"WR08-75",581,581
"WR08-76",368,539
"WR08-77",654,654
"WR08-78",316,581
"WR08-79",334,608
"WR08-80",374,641
"WR08-81",577,577
"WR08-82",338,539
"WR08-83",10,614
"WR08-84",590,590
"WR08-86",625,625
"WR08-87",572,572
"WR08-88",564,481
"WR08-89",580,527
"WR08-90",455,579
"WR08-91",412,629
"WR08-93",486.238,690.81
"WR08-94",351,569
"WR08-95",584,557
"WR09-01",390,669
"WR09-02",605,605
"WR09-03",637,637
"WR09-04",574,463
"WR09-05",500,500
"WR09-06",488,488
"WR09-07",580,580
"WR09-08",594,37
"WR09-09",628,583
"WR09-10",323,544
"WR09-11",518,408
"WR09-12",604,604
"WR09-13",549,549
"WR09-14",509,473
"WR09-15",603,542
"WR09-16",604,604
"WR09-17",570,505
"WR09-18",539,517
"WR09-19",531,531
"WR09-20",568,525
"WR09-21",605,490
"WR09-22",375,541
"WR09-23",475,418
"WR09-24",542,351
"WR09-25",596,483
"WR09-26",539,448
"WR09-27",636,586
"WR09-28",562,562
"WR09-29",560,560
"WR09-30",404,577
"WR09-31",548,548
"WR09-32",516,516
"WR09-33",611,611
"WR09-34",572,572
"WR09-35",488,488
"WR09-36",530,489
"WR09-37",486,486
"WR09-38",636,614
"WR09-39",517,517
"WR09-40",518,518
"WR09-41",558,558
"WR09-42",580,580
"WR09-43",562,562
"WR09-44",602,602
"WR09-45",329,556
"WR09-46",497,497
"WR09-47",490,434
"WR09-48",524,501
"WR09-49",565,565
"WR09-50",467,596
"WR09-51",524,468
"WR09-52",518,463
"WR09-53",648,648
"WR09-54",372,581
"WR09-55",353,511
"WR09-56",343,519
"WR09-57",540,540
"WR09-58",558,558
"WR09-59",541,541
"WR09-60",530,528
"WR09-61",580.48,549
"WR09-62",647.09,647.09
"WR09-63",348.75,588.81
"WR09-64",372.34,575.86
"WR09-65",588.34,543.94
"WR09-66",597.59,597.59
"WR09-67",451,562
"WR09-68",397,572
"WR09-69",615,615
"WR09-70",451,559
"WR09-71",591,591
"WR09-72",646,646
"WR15-5003",673.151,673.151
"WR15-5004",345.503,5.072
"WR15-5006",699.383,699.383
"WR15-5007",637.047,637.047
"WR15-5008",592.413,592.413
"WR15-5011",603.233,562.657
"WR15-5015",436.871,479.476
"WR15-5016",463.921,627.917
"WR15-5019",582.607,582.607
"WR15-5021",563.333,646.514
"WR15-5023",562.995,584.249
"WR15-5025",528.167,528.167
"WR15-5027",663.759,663.759
"WR15-5028",599.852,599.852
"WR15-5030",614.73,614.73
"WR15-5033",180.226,547.788
"WR15-5038",41.252,634.195
"WR15-5039",612.638,612.638
"WR15-5040",338.514,604.785
"WR15-5046",444.937,570.584
"WR15-5048",561.981,538.494
"WR15-5054",586.693,586.693
"WR15-5057",594.78,620.031
"WR15-5060",665.112,683.928
"WR15-5064",306.012,571.448
"WR15-5064B",526.815,526.815
"WR15-5065",660.04,633.277
"WR15-5069",595.264,522.419
"WR15-5071",423.345,673.565
"WR15-5075",616.082,616.082
"WR15-5077",657.335,657.335
"WR15-5085",515.653,491.649
"WR15-5098",651.248,651.248
"WR15-5105",573.815,573.815
"WR15-5108",634.342,603.215
"WR15-5111",531.21,531.21
"WR15-5115",548.226,537.297
"WR15-5124",615.068,596.33
"WR15-5127",586.578,586.578
"WR15-5130",502.469,502.469
"WR15-5134",621.154,607.42
"WR15-5137",336.106,551.837
"WR15-5141",491.855,491.855
"WR15-5142",538.311,538.311
"WR15-5151",561.981,543.899
"WR15-5154",592.075,554.88
"WR15-5157",608.643,560.975
"WR15-5157B",627.917,627.917
"WR15-5163",567.729,510.948
"WR15-5167",583.959,538.311
"WR15-5171",591.398,552.851
"WR15-5178",18.597,625.212
"WR15-5182",574.665,536.093
"WR15-5190",621.831,621.831
"WR15-5193",562.319,562.319
"WR15-5196",362.819,669.508
"WR15-5199",490.972,108.203
"WR15-5205",594.78,565.616
"WR15-5207",637.863,637.863
"WR15-5211",540.678,540.678
"WR15-5213",576.241,576.241
"WR15-5216",544.398,544.398
"WR15-5220",401.447,401.447
"WR15-5226",564.585,564.585
"WR15-5233",540.34,522.666
"WR15-5242",575.506,575.506
"WR15-5254",573.659,594.442
"WR15-5259",614.938,614.938
"WR15-5261",315.48,543.383
"WR15-5265",531.887,531.887
"WR15-5268",585.65,585.65
"WR15-5271",516.671,486.324
"WR15-5271B",601.881,642.457
"WR15-5273",304.998,563.871
"WR15-5283",644.333,669.169
"WR15-5288",675.594,705.482
"WR15-5292",575.506,608.643
"WR15-5296",655.306,618.111
"WR15-5299",537.635,497.059
"WR15-5302",588.017,574.279
"WR15-5303",587.964,587.964
"WR15-5309",491.987,540.678
"WR15-5312",590.722,590.722
"WR15-5317",579.402,579.402
"WR15-5321",567.729,591.976
"WR15-5325",547.559,567.053
"WR15-5329",577.535,540.34
"WR15-5338",525.8,525.8
"WR15-5339",608.305,570.096
"WR15-5346",640.003,640.003
"WR15-5350",549.919,549.919
"WR15-5353",443.971,471.87
"WR15-5356",599.823,556.152
"WR15-5359",563.891,563.891
"WR15-5362",519.376,519.376
"WR15-5366",489.958,13.525
"WR15-5369",558.541,519.369
"WR15-5374",305.674,625.888
"WR15-5376",521.066,521.066
"WR15-5379",548.455,548.455
"WR15-5383",608.643,592.576
"WR15-5385",640.174,640.174
"WR15-5389",577.873,577.873
"WR15-5395",609.871,577.482
"WR15-5400",542.707,542.707
"WR15-5403",541.693,541.693
"WR15-5404",630.328,630.328
"WR15-5405",654.292,654.292
"WR15-5408",411.51,563.685
"WR15-5412",637.385,637.385
"WR15-5417",550.484,550.484
"WR15-7002",623.218,606.276
"WR15-7003",652.263,652.263
"WR15-7004",656.997,656.997
"WR15-7005",628.931,628.931
"WR15-7007",592.415,449.043
"WR15-7013",651.925,651.925
"WR15-7015",667.826,667.826
"WR15-7016",618.272,618.272
"WR15-7019",558.764,547.103
"WR15-7021",775.344,793.744
"WR15-7022",648.881,648.881
"WR15-7027",402.043,531.916
"WR15-7028",624.197,624.197
"WR15-7031",631.298,631.298
"WR15-7031B",449.043,484.21
"WR15-7032",548.793,548.793
"WR15-7037",518.699,490.705
"WR15-7039",568.405,551.122
"WR15-7040",618.111,618.111
"WR15-7041",601.192,601.192
"WR15-7044",598.499,575.933
"WR15-7049",617.838,617.838
"WR15-7051",620.14,592.944
"WR15-7053",643.946,643.946
"WR15-7054",575.506,583.739
"WR15-7055",671.487,671.487
"WR15-7059",615.936,615.936
"WR15-7064",532.225,532.225
"WR15-7069",620.74,620.74
"WR15-7071",552.851,552.851
"WR15-7074",640.924,618.111
"WR15-7081",664.097,664.097
"WR15-7086",631.131,591.347
"WR15-7091",741.53,741.53
"WR15-7099",585.312,572.539
"WR15-7102",619.125,619.125
"WR15-7107",667.479,635.515
"WR15-7110",573.139,386.827
"WR15-7113",528.167,528.167
"WR15-7116",570.096,570.096
"WR15-7120",557.585,519.714
"WR15-7125",596.949,596.949
"WR15-7127",635.356,635.356
"WR15-7136",589.37,141.002
"WR15-7139",595.794,557.247
"WR15-7142",539.609,539.609
"WR15-7146",536.486,499.426
"WR15-7150",294.854,579.564
"WR15-7155",16.569,522.932
"WR15-7158",613.569,613.569
"WR15-7160",628.931,628.931
"WR15-7166",526.815,508.941
"WR15-7172",549.269,549.269
"WR15-7177",596.809,590.004
"WR15-7179",562.319,484.21
"WR15-7180",615.744,592.751
"WR15-7187",3.719,587.003
"WR15-7189",583.959,583.959
"WR15-7193",590.973,572.125
"WR15-7198",644.486,627.798
"WR15-7202",560.29,544.439
"WR15-7206",612.297,612.297
"WR15-7207",628.255,614.865
"WR15-7212",584.974,502.807
"WR15-7216",529.011,529.011
"WR15-7221",603.233,640.09
"WR15-7226",526.283,540.717
"WR15-7232",550.484,534.749
"WR15-7239",561.304,541.72
"WR15-7244",549.073,600.866
"WR15-7250",380.064,557.321
"WR15-7252",646.514,479.901
"WR15-7254",604.924,564.686
"WR15-7257",540.594,540.594
"WR15-7260",611.146,442.366
"WR15-7262",562.319,580.197
"WR15-7270",565.362,543.793
"WR15-7273",593.787,593.787
"WR15-7282",524.244,524.244
"WR15-7287",591.832,591.832
"WR15-7292",584.424,552.446
"WR15-7295",606.276,606.276
"WR15-7300",621.416,621.416
"WR15-7301",602.895,602.895
"WR15-7303",554.204,471.36
"WR15-7306",309.056,512.613
"WR15-7306B",534.93,10.482
"WR15-7308",600.639,634.68
"WR15-7321",597.823,597.823
"WR15-7326",596.467,596.467
"WR15-7332",475.756,475.756
"WR15-7335",5.41,529.182
"WR15-7340",507.203,483.31
"WR15-7343",592.751,572.331
"WR15-7349",514.98,514.98
"WR15-7352",569.081,547.882
"WR15-7353",631.636,607.09
"WR15-7356",577.197,0
"WR15-7362",339.826,613.715
"WR15-7370",643.133,643.133
"WR15-7371",526.815,257.659
"WR15-7373",617.435,617.435
"WR15-7374",587.139,587.139
"WR15-7375",607.291,632.987
"WR15-80117",519.243,519.243
"WR15-80122",542.369,542.369
"WR15-80136",608.674,608.674
"WR15-80137",567.391,567.391
"WR15-80140",732.401,713.921
"WR15-80144",768.243,768.243
"WR15-80145",633.327,633.327
"WR15-80147",597.485,576.02
"WR15-80148",599.175,599.175
"WR15-80157",610.334,594.595
"WR15-80160",492.62,634.003
"WR15-80163",561.981,561.981
"WR15-80171",440.396,706.267
"WR15-80173",610.672,610.672
"WR15-80175",643.133,512.951
"WR15-80181",662.215,662.215
"WR15-80189",583.283,563.242
"WR15-80190",394.604,552.851
"WR15-80192",487.929,526.657
"WR15-80196",513.627,499.616
"WR15-80199",634.003,634.003
"WR15-80200",436.194,738.825
"WR15-80201",592.139,17.583
"WR15-80203",282.575,561.132
"WR15-80204",576.891,576.891
"WR15-80205",6.086,6.086
"WR15-80206",604.586,604.586
"WR15-80207",568.743,568.743
"WR15-80215",591.737,609.32
"WR15-80217",601.678,620.816
"WR15-80218",560.608,560.608
"WR15-80221",575.724,575.724
"WR15-80223",589.685,574.83
"WR15-80224",607.497,564.396
"WR15-80225",566.376,566.376
"WR15-80226",5.748,607.291
"WR15-80227",536.959,536.959
"WR15-80229",611.348,617.224
"WR15-80230",599.435,599.435
"WR15-80232",526.109,526.109
"WR15-80233",632.951,587.336
"WR15-80234",331.932,601.204
"WR15-80237",583.792,583.792
"WR15-80238",326.977,607.967
"WR15-80240",596.809,581.107
"WR15-80243",386.903,591.737
"WR15-80244",324.639,550.822
"WR15-80246",604.924,604.924
"WR15-80247",607.291,597.126
"WR15-80248",530.872,530.872
"WR15-80249",542.369,573.787
"WR15-80251",621.52,621.52
"WR15-80252",565.362,644.147
"WR15-80258",461.554,446.605
"WR15-80259",631.636,669.508
"WR15-80260",625.212,625.212
"WR15-80261",661.897,661.897
"WR15-80262",633.842,633.842
"WR15-80263",607.967,523.112
"WR15-80264",617.097,632.506
"WR15-80265",8.115,673.696
"WR15-80266",657.335,657.335
"WR15-80268",562.319,562.319
"WR15-80272",617.773,344.222
"WR15-80275",544.736,544.736
"WR15-80276",592.075,592.075
"WR15-80278",582.945,549.808
"WR15-80282",617.097,552.611
"WR15-80283",573.139,573.139
"WR15-80284",517.009,554.542
"WR15-80285",583.521,583.521
"WR15-80286",571.883,468.655
"WR15-80287",558.261,558.261
"WR15-80289",665.45,665.45
"WR15-80294",600.528,600.528
"WR15-80295",507.203,524.864
"WR15-80297",589.37,553.865
"WR15-80299",550.891,550.891
"WR15-80305",646.38,646.38
"WR15-80310",636.708,636.708
"WR15-80311",513.289,513.289
"WR15-80312",579.564,555.218
"WR15-80315",466.965,6.763
"WR15-80318",565.7,565.7
"WR15-80320",660.378,631.591
"WR15-80323",660.378,660.378
"WR15-80324",569.468,528.302
"WR15-80326",642.795,642.795
"WR15-80330",573.815,573.815
"WR15-80332",555.556,348.955
"WR15-80334",565.7,544.459
"WR15-80336",468.655,712.451
"WR15-80337",85.21,586.326
"WR15-80341",635.356,609.546
"WR15-80342",560.966,560.966
"WR15-80357",641.422,641.422
"WR15-80358",681.342,566.376
"WR15-80359",339.15,411.51
"WR15-80364",572.801,569.069
"WR15-80366",564.348,519.714
"WR15-80368",310.746,595.118
"WR15-80375",582.525,582.525
"WR15-80376",615.539,615.539
"WR15-80378",632.651,632.651
"WR15-80395",620.816,577.873
"WR15-80396",307.343,565.7
"WR15-80398",523.771,523.771
"WR15-80400",582.466,582.466
"WR15-80413",488.943,488.943
"WR15-80417",642.152,642.152
"WR15-80424",598.11,598.11
"WR15-80425",536.97,536.97
"WR15-80427",599.514,639.752
"WR15-80431",293.225,585.65
"WR15-80439",605.938,605.938
"WR15-80449",598.161,598.161
"WR15-80458",671.536,671.536
"WR15-80470",629.642,629.642
"WR15-80471",609.063,609.063
"WR15-80474",591.617,567.053
"WR15-80475",630.966,630.966
"WR15-80491",671.198,671.198
"WR15-80496",649.42,649.42
"WR15-80498",575.506,575.506
"WR15-80508",478.799,478.799
"WR15-80509",536.959,536.959
"WR15-80530",534.254,510.512
"WR15-80535",497.037,497.037
"WR15-80539",580.883,580.883
"WR15-80542",523.608,523.608
"WR15-80598",572.463,597.011
"WR15-80611",552.851,552.851
"WR15-80616",333.063,559.717
"WR15-80640",496.663,517.347
"WR15-80671",531.247,531.247
"WR15-80693",426.106,426.106
"WR15-80695",553.865,553.865
"WR15-80703",536.282,536.282
"WR15-80707",464.936,464.936
"WR15-80709",483.803,504.836
"WR15-80717",454.792,454.792
"WR17.5001",564.93,564.93
"WR17.5006",678.865,678.865
"WR17.5009",662.745,662.745
"WR17.5016",655.644,604.074
"WR17.5028",449.382,548.455
"WR17.5034",584.619,548.817
"WR17.5048",579.226,579.226
"WR17.5054",444.986,671.875
"WR17.5061",493.991,641.442
"WR17.7001",571.787,571.787
"WR17.7002",484.21,484.21
"WR17.7003",516.671,516.671
"WR17.7005",472.037,472.037
"WR17.7011",421.993,602.152
"WR17.7012",626.172,622.845
"WR17.7021",359.1,582.269
"WR17.7027",698.476,626.543
"WR17.7028",646.514,634.687
"WR17.7034",613.039,596.084
"WR17.7051",495.368,628.026
"WR17.80036",579.226,505.347
"WR17.80054",564.348,564.348
"WR17.80068",574.83,598.983
"WR17.80093",660.378,660.378
"WR17.8017",530.378,445.36
"WR17.80181",430.784,657.673
"WR17.80235",634.343,634.343
"WR17.80279",571.11,550.699
"WR17.80393",603.587,571.391
"WR17.80408",560.29,330.02
"WR18_5004",560,560
"WR18_5005",640,680
"WR18_5032",640,640
"WR18_5037",600,600
"WR18_5043",400,560
"WR18_5046",640,640
"WR18_5047",480,520
"WR18_5050",600,600
"WR18_5069",720,720
"WR18_5082",600,600
"WR18_5084",640,0
"WR18_5098",560,560
"WR18_5099",520,520
"WR18_5102",480,600
"WR18_5114",520,520
"WR18_5116",680,640
"WR18_5117",600,640
"WR18_5124",640,600
"WR18_5134",600,600
"WR18_5139",640,640
"WR18_5159",520,520
"WR18_5168",600,600
"WR18_5169",520,0
"WR18_5176",560,560
"WR18_5177",440,600
"WR18_5179",560,560
"WR18_5181",600,520
"WR18_5185",600,560
"WR18_5188",600,560
"WR18_5189",640,640
"WR18_5192",600,560
"WR18_5201",560,560
"WR18_5203",560,600
"WR18_5205",320,640
"WR18_5209",600,560
"WR18_5211",600,600
"WR18_5219",640,600
"WR18_5234",600,600
"WR18_5236",640,600
"WR18_5238",520,560
"WR18_5241",640,640
"WR18_5257",600,560
"WR18_5258",520,520
"WR18_5273",560,520
"WR18_5282",560,600
"WR18_5286",520,0
"WR18_5290",320,640
"WR18_5291",520,440
"WR18_5293",600,600
"WR18_5294",600,600
"WR18_5295",520,480
"WR18_5296",520,560
"WR18_5301",600,600
"WR18_5308",600,600
"WR18_5313",600,600
"WR18_5331",600,600
"WR18_5342",640,520
"WR18_5343",600,600
"WR18_5351",480,560
"WR18_5353",560,560
"WR18_5356",640,560
"WR18_5363",520,520
"WR18_5365",600,600
"WR18_5379",640,640
"WR18_5385",520,560
"WR18_5390",640,640
"WR18_5391",560,560
"WR18_5393",560,560
"WR18_5394",560,480
"WR18_5399",640,600
"WR18_5430",680,680
"WR18_5431",560,40
"WR18_5436",520,440
"WR18_5445",560,560
"WR18_5455",480,480
"WR18_5456",560,560
"WR18_5457",560,560
"WR18_5460",560,400
"WR18_5462",480,480
"WR18_5463",560,480
"WR18_5466",520,520
"WR18_5467",600,600
"WR18_5471",560,480
"WR18_5480",560,600
"WR18_5482",600,600
"WR18_5484",600,600
"WR18_5488",560,520
"WR18_5491",560,560
"WR18_5607",440,440
"WR18_7017",720,720
"WR18_7027",560,520
"WR18_7030",600,600
"WR18_7031",640,600
"WR18_7051",600,600
"WR18_7057",520,520
"WR18_7064",600,600
"WR18_7071",560,560
"WR18_7073",600,0
"WR18_7078",760,680
"WR18_7083",680,680
"WR18_7085",560,560
"WR18_7090",600,600
"WR18_7094",600,640
"WR18_7099",560,520
"WR18_7101",560,520
"WR18_7113",520,520
"WR18_7114",520,520
"WR18_7117",560,520
"WR18_7119",520,520
"WR18_7121",680,680
"WR18_7127",680,640
"WR18_7137",560,560
"WR18_7139",400,480
"WR18_7141",720,680
"WR18_7142",640,600
"WR18_7143",600,600
"WR18_7148",640,560
"WR18_7157",600,560
"WR18_7170",560,560
"WR18_7171",560,560
"WR18_7173",560,520
"WR18_7176",600,600
"WR18_7177",640,560
"WR18_7183",520,480
"WR18_7184",640,640
"WR18_7189",600,600
"WR18_7191",640,640
"WR18_7195",520,440
"WR18_7199",680,680
"WR18_7200",520,600
"WR18_7202",600,600
"WR18_7203",560,480
"WR18_7210",560,0
"WR18_7215",640,640
"WR18_7219",560,560
"WR18_7222",680,720
"WR18_7223",600,600
"WR18_7235",840,840
"WR18_7239",520,520
"WR18_7240",560,0
"WR18_7243",640,640
"WR18_7244",560,560
"WR18_7245",600,600
"WR18_7249",600,640
"WR18_7253",560,560
"WR18_7257",720,720
"WR18_7262",560,560
"WR18_7269",440,560
"WR18_7271",560,520
"WR18_7273",560,560
"WR18_7279",680,640
"WR18_7283",560,0
"WR18_7284",680,680
"WR18_7286",600,560
"WR18_7298",440,400
"WR18_7305",520,480
"WR18_7310",720,720
"WR18_7311",560,560
"WR18_7312",440,560
"WR18_7351",640,640
"WR18_7359",600,600
"WR18_7361",640,640
"WR18_7362",600,600
"WR18_7363",560,560
"WR18_7384",480,480
"WR18_7387",560,560
"WR18_7390",760,760
"WR18_7395",560,480
"WR18_7399",560,0
"WR18_7412",640,640
"WR18_7414",560,520
"WR18_7415",680,640
"WR18_7416",520,520
"WR18_7417",320,520
"WR18_7425",600,560
"WR18_7426",480,520
"WR18_7440",560,360
"WR18_7442",520,520
"WR18_7444",560,520
"WR18_7446",520,520
"WR18_7453",520,480
"WR18_7456",600,600
"WR18_7462",480,480
"WR18_7465",520,520
"WR18_7466",560,560
"WR18_7471",480,480
"WR18_7475",440,480
"WR18_7478",560,480
"WR18_7480",440,440
"WR18_7485",600,560
"WR18_7495",560,560
"WR18_7497",600,560
"WR18_7504",440,480
"WR18_7534",560,560
"WR18_7535",560,560
"WR18_7538",480,440
"WR18_7560",520,520
"WR18_7566",440,440
"WR18_80024",520,560
"WR18_80037",560,520
"WR18_80051",560,560
"WR18_80057",520,480
"WR18_80082",600,560
"WR18_80083",520,440
"WR18_80112",640,640
"WR18_80119",600,600
"WR18_80125",520,480
"WR18_80153",520,640
"WR18_80158",640,600
"WR18_80162",640,640
"WR18_80190",640,600
"WR18_80195",600,600
"WR18_80199",600,560
"WR18_80202",520,520
"WR18_80204",560,560
"WR18_80205",640,600
"WR18_80220",600,600
"WR18_80230",520,520
"WR18_80244",560,560
"WR18_80250",640,640
"WR18_80252",520,520
"WR18_80253",440,600
"WR18_80300",560,560
"WR18_80328",560,520
"WR18_80345",640,640
"WR18_80361",600,600
"WR18_80445",520,520
"WR18_80457",600,440
"WR18_80486",320,520
"WR18_80489",560,320
"WR18_80610",560,480
"WR18_80694",560,400
"WR2016_5001",820.17246,771.74084
"WR2016_5002",746.84632,724.21506
"WR2016_5003",860.45688,891.50468
"WR2016_5004",723.30922,723.30922
"WR2016_5005",473.00258,473.00258
"WR2016_5006",617.39294,617.39294
"WR2016_5007",594.921,594.921
"WR2016_5008",541.411,541.411
"WR2016_5010",634.34,581.328
"WR2016_5011",615.345,615.345
"WR2016_5012",613.045,613.045
"WR2016_5013",836.597,836.597
"WR2016_5014",620.294,583.593
"WR2016_5015",591.296,591.296
"WR2016_5018",615.31,615.31
"WR2016_5019",637.157,637.157
"WR2016_5022",672.854,632.279
"WR2016_5025",593.094,593.094
"WR2016_5026",614.031,614.031
"WR2016_5029",592.202,575.371
"WR2016_5031",600.358,562.751
"WR2016_5033",681.315,618.482
"WR2016_5034",666.964,657.561
"WR2016_5036",598.092,571.359
"WR2016_5037",648.84,648.84
"WR2016_5038",546.471,546.471
"WR2016_5039",532.02,532.02
"WR2016_5041",516.534,516.534
"WR2016_5042",656.995,656.995
"WR2016_5043",569.394,569.394
"WR2016_5046",769.47758,707.46774
"WR2016_5047",654.96118,754.08902
"WR2016_5048",707.06708,686.20462
"WR2016_5049",564.88772,564.88772
"WR2016_5050",580.27762,580.27762
"WR2016_5051",631.42408,631.42408
"WR2016_5052",502.941,570.906
"WR2016_5055",601.637,601.637
"WR2016_5056",579.968,561.104
"WR2016_5057",594.921,594.921
"WR2016_5058",589.022,589.022
"WR2016_5060",459.512,496.604
"WR2016_5062",506.113,506.113
"WR2016_5064",610.779,590.843
"WR2016_5065",528.768,528.768
"WR2016_5067",584.952,555.501
"WR2016_5068",454.006,584.046
"WR2016_5069",654.73,691.346
"WR2016_5070",523.649,540.549
"WR2016_5073",506.566,16.312
"WR2016_5074",511.201,511.201
"WR2016_5075",538.736,538.736
"WR2016_5079",507.579,591.485
"WR2016_5080",588.577,588.577
"WR2016_5081",550.97,550.97
"WR2016_5086",585.516,585.516
"WR2016_5087",590.39,590.39
"WR2016_5088",581.333,581.333
"WR2016_5090",572.266,572.266
"WR2016_5092",531.487,512.654
"WR2016_5093",508.378,4.984
"WR2016_5097",541.455,541.455
"WR2016_5098",900.28972,900.28972
"WR2016_5099",836.92112,836.92112
"WR2016_5100",785.07518,839.95354
"WR2016_5103",599.73978,586.61448
"WR2016_5105",549.95074,549.95074
"WR2016_5108",451.72874,545.42422
"WR2016_5111",583.593,583.593
"WR2016_5113",635.259,635.259
"WR2016_5117",461.256,444.669
"WR2016_5118",566.828,566.828
"WR2016_5120",567.746,505.207
"WR2016_5122",471.224,545.533
"WR2016_5124",554.595,511.788
"WR2016_5125",560.938,504.77
"WR2016_5126",560.938,560.938
"WR2016_5129",528.315,528.315
"WR2016_5131",600.694,600.694
"WR2016_7001",664.564,664.564
"WR2016_7003",687.353,687.353
"WR2016_7004",529.674,529.674
"WR2016_7005",591.366,591.366
"WR2016_7008",523.784,523.784
"WR2016_7010",616.216,616.216
"WR2016_7011",627.997,575.437
"WR2016_7012",634.669,634.669
"WR2016_7013",452.194,527.004
"WR2016_7015",614.698,614.698
"WR2016_7016",652.69792,617.39294
"WR2016_7017",864.0789,864.0789
"WR2016_7018",610.757,610.757
"WR2016_7020",544.9713,544.9713
"WR2016_7021",560.81412,560.81412
"WR2016_7022",577.703,577.703
"WR2016_7023",580.875,580.875
"WR2016_7025",517.871,517.871
"WR2016_7026",700.04,700.04
"WR2016_7028",550.064,550.064
"WR2016_7029",572.266,572.266
"WR2016_7030",588.587,542.238
"WR2016_7032",609.31,609.31
"WR2016_7034",650.694,650.694
"WR2016_7036",566.375,566.375
"WR2016_7039",661.526,594.468
"WR2016_7041",561.391,507.019
"WR2016_7042",595.374,595.374
"WR2016_7044",524.69,654.73
"WR2016_7048",592.843,625.731
"WR2016_7049",516.534,482.099
"WR2016_7050",554.595,600.358
"WR2016_7051",619.742,583.404
"WR2016_7054",577.25,504.301
"WR2016_7055",560.42,560.42
"WR2016_7056",560.485,535.28
"WR2016_7057",601.264,601.264
"WR2016_7058",633.434,605.306
"WR2016_7060",516.081,638.418
"WR2016_7061",554.142,506.113
"WR2016_7063",548.251,529.401
"WR2016_7067",697.50886,825.60482
"WR2016_7068",562.185,548.347
"WR2016_7069",714.7091,714.7091
"WR2016_7070",510.57082,568.96132
"WR2016_7071",567.60256,526.41364
"WR2016_7074",586.765,586.765
"WR2016_7075",502.941,561.391
"WR2016_7077",512.51,512.51
"WR2016_7079",567.528,567.528
"WR2016_7080",527.862,527.862
"WR2016_7081",525.143,505.223
"WR2016_7082",535.536,513.363
"WR2016_7083",627.091,550.064
"WR2016_7085",479.833,540.096
"WR2016_7087",526.503,526.503
"WR2016_7089",613.045,646.851
"WR2016_7091",476.208,476.208
"WR2016_7092",441.32,402.806
"WR2016_7095",637.965,603.983
"WR2016_7097",565.759,565.759
"WR2016_7099",513.816,513.816
"WR2016_7100",620.294,620.294
"WR2016_7101",588.914,408.243
"WR2016_7102",627.374,627.374
"WR2016_7103",604.436,604.436
"WR2016_7104",491.72,491.72
"WR2016_7105",807.878,807.878
"WR2016_7106",524.586,524.586
"WR2016_7107",607.154,574.547
"WR2016_7108",515.175,515.175
"WR2016_7109",529.674,479.833
"WR2016_7110",559.126,521.971
"WR2016_7111",773.55118,956.86854
"WR2016_7112",841.89922,797.08828
"WR2016_7115",853.21552,853.21552
"WR2016_7117",586.16156,586.16156
"WR2016_7118",495.63384,495.63384
"WR2016_7119",664.698,623.919
"WR2016_7120",595.374,595.374
"WR2016_80024",615.31,615.31
"WR2016_80025",611.218,611.218
"WR2016_80032",516.987,516.987
"WR2016_80036",543.72,577.416
"WR2016_80040",686.9,686.9
"WR2016_80048",575.932,575.932
"WR2016_80049",410.056,431.264
"WR2016_80050",621.791,621.791
"WR2016_80051",673.646,14.046
"WR2016_80053",472.13,472.13
"WR2016_80054",566.828,566.828
"WR2016_80055",565.117,565.117
"WR2016_80056",559.399,559.399
"WR2016_80058",480.75,480.75
"WR2016_80059",609.42,609.42
"WR2016_80060",659.714,618.935
"WR2016_80061",13.593,707.515
"WR2016_80062",524.237,444.944
"WR2016_80063",646.574,666.535
"WR2016_80095",486.177,486.177
"WR2016_80104",571.813,451.288
"WR2016_80123",512.41,512.41
"WR2016_80157",592.655,592.655
"WR2016_80220",576.797,576.797
"WR2016_80458",537.377,501.129
"WR2016_80500",409.15,597.639
